S_Code,Segment_Description
S00000956,Likely to be people aged 18 to 20
S00000957,Likely to be people aged 21 to 24
S00000958,Likely to be people aged 25 to 29
S00000959,Likely to be people aged 30 to 34
S00000960,Likely to be people aged 35 to 39
S00000961,Likely to be people aged 40 to 44
S00000962,Likely to be people aged 45 to 49
S00000963,Likely to be people aged 50 to 54
S00000964,Likely to be people aged 55 to 59
S00000965,Likely to be people aged 60 to 64
S00000966,Likely to be people aged 65 to 69
S00000967,Likely to be people aged 70 to 74
S00000968,Likely to be people aged 75+
S00000972,Likely to be people aged Baby Boomer (born Between 1955 - 1964)
S00000971,Likely to be people aged Gen X (born between 1965 - 1980)
S00000969,Likely to be people Gen Z (born after 1996)
S00000970,Likely to be Millenials (born between 1981 - 1996)
S00000919,Country England
S00000922,Country Northern Ireland
S00000920,Country Scotland
S00000921,Country Wales
S00000094,Likely to be people who run a business from their home
S00000088,Likely to be households where directors of small companies live. companies with less than 50 employees
S00000089,Likely to be households where directors of large companies live. companies with more than 50 employees
S00000090,Likely to be households where directors of companies live
S00000084,Likely current employment is employed full time
S00000085,Likely current employment is student or unemployed
S00000086,Likely current employment is part time or housewife
S00000087,Likely current employment is retired
S00000973,Likely current employment is employed full time
S00000974,Likely current employment is student
S00000975,Likely current employment is unemployed
S00000976,Likely current employment is employed part time
S00000977,Likely current employment is not working
S00000978,Likely current employment is retired
S00000894,Likely to be female
S00000893,Likely to be male
S00000638,Geographical Region East
S00000647,Geographical Region East Midlands
S00000644,Geographical Region London
S00000639,Geographical Region North East
S00000640,Geographical Region North West
S00000649,Geographical Region Northern Ireland
S00000642,Geographical Region Scotland
S00000641,Geographical Region South East
S00000645,Geographical Region South West
S00000643,Geographical Region Wales
S00000646,Geographical Region West Midlands
S00000648,Geographical Region Yorkshire and the Humber
S00000011,Likely to be households with no children
S00000012,Likely to be households with children
S00000013,Likely to be households with 1 child
S00000014,Likely to be households with 2 children
S00000015,Likely to be households with 3 children
S00000016,Likely to be households with 4 or more children
S00000017,Likely to be households with 3 or more children
S00000018,"Likely to be households with a child or children aged 0 to 4, pre school age"
S00000019,"Likely to be households with a child or children aged 5 to 11, primary school age"
S00000020,"Likely to be households with a child or children aged 12 to 17, secondary school age"
S00000907,Geographical Region North East
S00000908,Geographical Region North West
S00000909,Geographical Region Yorkshire and the Humber
S00000910,Geographical Region East Midlands
S00000911,Geographical Region West Midlands
S00000912,Geographical Region East
S00000913,Geographical Region London
S00000914,Geographical Region South East
S00000915,Geographical Region South West
S00000916,Geographical Region Northern Ireland
S00000917,Geographical Region Scotland
S00000918,Geographical Region Wales
S00000130,Likely to be households without mains gas
S00000131,Likely to be households with mains gas
S00000925,Likely to be household in fuel poverty
S00000041,"Likely to be households with income of £15,000 to £19,999 per year"
S00000042,"Likely to be households with income of £20,000 to £29,999 per year"
S00000043,"Likely to be households with income of £30,000 to £39,999 per year"
S00000044,"Likely to be households with income of £40,000 to £49,999 per year"
S00000045,"Likely to be households with income of £50,000 to £59,999 per year"
S00000046,"Likely to be households with income of £60,000 to £69,999 per year"
S00000047,"Likely to be households with income of £70,000 to £99,999 per year"
S00000048,"Likely to be households with income of £100,000 to £149,999 per year"
S00000049,"Likely to be households with income of £150,000 or more per year"
S00000050,"Likely to be households with high income, above £100,000 per year"
S00000076,Likely length of residency at address is up to 1 year
S00000077,Likely length of residency at address is 1 to 3 years
S00000078,Likely length of residency at address is 4 to 6 years
S00000079,Likely length of residency at address is 7 to 10 years
S00000080,Likely length of residency at address is 11 or more years
S00000032,Likely household composition type is a family
S00000033,Likely household composition type is singles
S00000034,Likely household composition type is homesharers
S00000069,Likely to be owners of property with no mortgage
S00000070,"Likely to be renters or social renters of property, with no mortgage"
S00000071,"Likely to have an outstanding mortgage of less than £50,000"
S00000072,"Likely to have an outstanding mortgage of £50,000 to £99,999"
S00000073,"Likely to have an outstanding mortgage of £100,000 to £149,999"
S00000074,"Likely to have an outstanding mortgage of £150,000 to £249,999"
S00000075,"Likely to have an outstanding mortgage of more than £250,000"
S00000095,Likely to be people who own their property
S00000096,Likely to be people who rent their property
S00000132,Likely to be properties built before 1870
S00000133,Likely to be properties built between 1871 and 1919
S00000134,Likely to be properties built between 1920 and 1945
S00000135,Likely to be properties built between 1946 and 1954
S00000136,Likely to be properties built between 1955 and 1979
S00000137,Likely to be properties built between 1980 and 1999
S00000138,Likely to be properties built between 2000 and 2009
S00000139,Likely to be properties built from 2010 onwards
S00000110,Likely to be properties with 1 bedroom
S00000111,Likely to be properties with 2 bedrooms
S00000112,Likely to be properties with 3 bedrooms
S00000113,Likely to be properties with 4 bedrooms
S00000114,Likely to be properties with 5 bedrooms
S00000115,Likely to be properties with 3 or more bedrooms
S00000116,Likely to be properties with 4 or more bedrooms
S00000117,"Likely to be households with a property value of £100,001 to £125,000 (england, wales and scotland)"
S00000118,"Likely to be households with a property value of £125,000 to £150,000 (england, wales and scotland)"
S00000119,"Likely to be households with a property value of £150,001 to £200,000 (england, wales and scotland)"
S00000120,"Likely to be households with a property value of £200,001 to £250,000 (england, wales and scotland)"
S00000121,"Likely to be households with a property value of £250,001 to £300,000 (england, wales and scotland)"
S00000122,"Likely to be households with a property value of £300,001 to £400,000 (england, wales and scotland)"
S00000123,"Likely to be households with a property value of £400,001 to £500,000 (england, wales and scotland)"
S00000124,"Likely to be households with a property value of more than £500,000 (england, wales and scotland)"
S00000125,"Likely to be households with a property value of £500,001 to £1,000,000 (england, wales and scotland)"
S00000126,"Likely to be households with a property value of £1,000,001 to £2,000,000 (england, wales and scotland)"
S00000127,"Likely to be households with a property value of more than £1,000,000 (england, wales and scotland)"
S00000128,"Likely to be households with a property value of more than £2,000,000 (england, wales and scotland)"
S00000129,"Likely to be high value large properties, with a value more than one million and with 5 or more bedrooms"
S00000926,"Likely to be households with a property value of £100,001 to £110,000 (england, wales and scotland)"
S00000927,"Likely to be households with a property value of £110,001 to £120,000 (england, wales and scotland)"
S00000928,"Likely to be households with a property value of £120,001 to £125,000 (england, wales and scotland)"
S00000929,"Likely to be households with a property value of £125,001 to £130,000 (england, wales and scotland)"
S00000930,"Likely to be households with a property value of £130,001 to £140,000 (england, wales and scotland)"
S00000931,"Likely to be households with a property value of £140,001 to £150,000 (england, wales and scotland)"
S00000932,"Likely to be households with a property value of £150,001 to £160,000 (england, wales and scotland)"
S00000933,"Likely to be households with a property value of £160,001 to £170,000 (england, wales and scotland)"
S00000934,"Likely to be households with a property value of £170,001 to £180,000 (england, wales and scotland)"
S00000935,"Likely to be households with a property value of £180,001 to £190,000 (england, wales and scotland)"
S00000936,"Likely to be households with a property value of £190,001 to £200,000 (england, wales and scotland)"
S00000937,"Likely to be households with a property value of £200,001 to £225,000 (england, wales and scotland)"
S00000938,"Likely to be households with a property value of £225,001 to £250,000 (england, wales and scotland)"
S00000939,"Likely to be households with a property value of £250,001 to £275,000 (england, wales and scotland)"
S00000940,"Likely to be households with a property value of £275,001 to £300,000 (england, wales and scotland)"
S00000941,"Likely to be households with a property value of £300,001 to £325,000 (england, wales and scotland)"
S00000942,"Likely to be households with a property value of £325,001 to £350,000 (england, wales and scotland)"
S00000943,"Likely to be households with a property value of £350,001 to £400,000 (england, wales and scotland)"
S00000944,"Likely to be households with a property value of £400,001 to £450,000 (england, wales and scotland)"
S00000945,"Likely to be households with a property value of £450,001 to £500,000 (england, wales and scotland)"
S00000946,"Likely to be households with a property value of £500,001 to £600,000 (england, wales and scotland)"
S00000947,"Likely to be households with a property value of £600,001 to £700,000 (england, wales and scotland)"
S00000948,"Likely to be households with a property value of £700,001 to £800,000 (england, wales and scotland)"
S00000949,"Likely to be households with a property value of £800,001 to £900,000 (england, wales and scotland)"
S00000950,"Likely to be households with a property value of £900,001 to £1,000,000 (england, wales and scotland)"
S00000951,"Likely to be households with a property value of £1,000,001 to £1,250,000 (england, wales and scotland)"
S00000952,"Likely to be households with a property value of £1,250,001 to £1,500,000 (england, wales and scotland)"
S00000953,"Likely to be households with a property value of £1,500,001 to £1,750,000 (england, wales and scotland)"
S00000954,"Likely to be households with a property value of £1,750,001 to £2,000,000 (england, wales and scotland)"
S00000955,"Likely to be households with a property value of more than £2,000,001 (england, wales and scotland)"
S00000103,Likely property type is purpose built flats
S00000104,Likely property type is converted flats
S00000105,Likely property type is bungalows
S00000106,Likely property type is detached houses
S00000107,Likely property type is semi detached houses
S00000108,Likely property type is terraced houses
S00000109,Likely property type is farms
S00000030,Likely to be an elderly parent living with family
S00000031,Likely to be a young adult living with parents or older adults
S00000010,Likely to be people who are married
S00000009,Likely to be people who are single
S00000035,Likely to be less affluent households
S00000036,Likely to be mid affluent households
S00000037,Likely to be highly affluent households
S00000038,"Likely to be less affluent households, with children"
S00000039,"Likely to be mid affluent households, with children"
S00000040,"Likely to be highly affluent households, with children"
S00000060,"Likely to be households with discretionary income of £125-£249 (income after the deduction of tax, social insurance contributions, housing costs, utilities and food)"
S00000061,"Likely to be households with discretionary income of £250-£499 (income after the deduction of tax, social insurance_x000D_ contributions, housing costs, utilities and food)"
S00000062,"Likely to be households with discretionary income of £500-£999 (income after the deduction of tax, social insurance
 contributions, housing costs, utilities and food)"
S00000063,"Likely to be households with discretionary income of £1000-£1499 (income after the deduction of tax, social insurance_x000D_ contributions, housing costs, utilities and food)"
S00000064,"Likely to be households with discretionary income of £1500-£1999 (income after the deduction of tax, social insurance_x000D_ contributions, housing costs, utilities and food)"
S00000065,"Likely to be households with a very high discretionary income of £2000 or more (income after the deduction of tax, social insurance contributions, housing costs, utilities and food)"
S00000066,"Likely to be households with discretionary income of less than £250 (income after the deduction of tax, social insurance_x000D_ contributions, housing costs, utilities and food)"
S00000067,"Likely to be households with discretionary income of £250 to £999 (income after the deduction of tax, social insurance_x000D_ contributions, housing costs, utilities and food)"
S00000068,"Likely to be households with discretionary income of more than £1000 (income after the deduction of tax, social insurance_x000D_ contributions, housing costs, utilities and food)"
S00000051,"Individuals likely to earn £15,000 to £19,999 per year"
S00000052,"Individuals likely to earn £20,000 to £29,999 per year"
S00000053,"Individuals likely to earn £30,000 to £39,999 per year"
S00000054,"Individuals likely to earn £40,000 to £49,999 per year"
S00000055,"Individuals likely to earn £50,000 to £59,999 per year"
S00000056,"Individuals likely to earn £60,000 to £69,999 per year"
S00000057,"Individuals likely to earn £70,000 to £99,999 per year"
S00000058,"Individuals likely to earn £100,000 or more per year"
S00000059,"Individuals likely to earn more than £70,000 per year"
S00000091,Likely to be people who hold no shares
S00000092,Likely to be people who hold shares
S00000097,Likely to be people with a social grade of A
S00000098,Likely to be people with a social grade of B
S00000099,Likely to be people with a social grade of C1
S00000100,Likely to be people with a social grade of C2
S00000101,Likely to be people with a social grade of D
S00000102,Likely to be people with a social grade of E
S00000682,BBC  East of England
S00000683,BBC  London
S00000684,BBC  Midlands East 
S00000685,BBC  Midlands West  
S00000686,BBC  North East and Cumbria
S00000687,BBC  North West
S00000688,BBC  Scotland
S00000689,BBC  South
S00000690,BBC  South East
S00000691,BBC  South West
S00000692,BBC  Ulster
S00000693,BBC  Wales
S00000694,BBC  West
S00000695,BBC  Yorkshire and Lincolnshire
S00000650,Channel 4  London
S00000651,Channel 4  London and Midlands and South
S00000652,Channel 4  London and South
S00000653,Channel 4  Midlands
S00000654,Channel 4  Midlands and North
S00000655,Channel 4  Midlands and North and South
S00000656,Channel 4  Midlands and South
S00000657,Channel 4  Midlands and South and Wales
S00000658,Channel 4  Midlands and Wales
S00000659,Channel 4  North
S00000660,Channel 4  North and Scotland
S00000661,Channel 4  North and Wales
S00000662,Channel 4  Northern Ireland
S00000663,Channel 4  Scotland
S00000664,Channel 4  South
S00000665,Channel 4  South and North
S00000666,Channel 4  South and Wales
S00000667,Channel 4  Wales
S00000668,ITV  Border
S00000669,ITV  Central Scotland
S00000670,ITV  East Of England
S00000671,ITV  London
S00000672,"ITV  Meridian, exc. Channel Islands"
S00000673,ITV  Midlands
S00000674,ITV  North East
S00000675,ITV  North Scotland
S00000676,ITV  North West
S00000677,ITV  South West
S00000678,ITV  Ulster
S00000679,ITV  Wales
S00000680,ITV  West
S00000681,ITV  Yorkshire
S00000321,Likely to be aspiring young adults who live online and are taking the first steps in building their prospects
S00000322,"Likely to be high income households who are in the process of accruing assets, despite high expenditure, to give financial security"
S00000323,"Likely to be households with good incomes but high costs, focussing on progressing careers and establishing families"
S00000324,"Likely to be price comparing families in affordable homes, often needing to use credit instead of savings"
S00000999,Likely to be low income families struggling to balance income with spending and turning to a range of credit alternatives
S00000325,Likely to be wealthy households who have accumulated substantial assets and are confident in financial management
S00000326,Likely to be confident older owners in comfortable homes with above average incomes that reflect their responsibility and experience
S00000327,Likely to be mature workers with the advantage of home ownership but with nominal savings to sustain their future income
S00000328,Likely to be mid range families whose financial position is enhanced by the support of extended family or wider community
S00000329,Likely to be individuals in low cost housing working hard to make their way on their own resources
S00000330,Likely to be older couples and singles whose home ownership and savings will give them a margin of comfort in their post working life
S00000331,"Likely to be mature households with low wages when in work, leaving little to spare and a need for support"
S00000332,Likely to be fortunate elders on gold standard pensions with money to enjoy now and choices in the future
S00000333,Likely to be pensioner households whose financial security in retirement is boosted by outright home ownership
S00000334,Likely to be state pension elderly in low value homes who must economise when money doesn't stretch beyond essentials
S00000335,Likely to be well educated millennials whose finances are dominated by their desire to afford a home
S00000336,"Likely to be graduates in city lets, enjoying independence and the immediacy of the latest financial technologies"
S00000337,"Likely to be current students and recent graduates, with student loans but an otherwise low financial footprint"
S00000338,"Likely to be young people renting basic homes, currently on low wages, who need determination to prove themselves in the job market"
S00000339,Likely to be high salary parents with children in detached homes who are forging ahead with big mortgages and busy lifestyles
S00000340,Likely to be well off suburban families providing homes and support to adult children while they study or start work
S00000341,"Likely to be career driven singles in high stress, high reward jobs who thrive on living in the heart of the action"
S00000342,"Likely to be educated city households in expensive urban homes, enjoying access to culture and like minded peers"
S00000343,"Likely to be capable families choosing detached homes in modern estates, making sensible decisions on borrowing and switching"
S00000344,"Likely to be well insured parents of teenagers, making progress paying off the mortgage on average homes but with few savings"
S00000345,Likely to be solid income families in pleasant homes where young adult children are able to stay while studying or saving
S00000346,"Likely to be contemporary professionals in accessible locations, challenging accepted milestones while striving to save for house deposits"
S00000347,Likely to be double income young families with childcare costs and large mortgages in the best family home they can afford
S00000348,"Likely to be young families in small affordable modern homes, maximising their finances with savvy deals via smartphones and tablets"
S00000349,"Likely to be multi wage families with decreasing mortgages but few savings, where young adult children can’t afford to move out"
S00000350,"Likely to be growing families with modest incomes, getting by with the help of loans, child benefit and an eye for deals"
S00001000,"Likely to be low wage households, most with children, who look for low-cost options and swap tips with family and friends"
S00001001,"Likely to be crowded households with kids and extra adults, on low hourly rates but pooling resources in social-rented homes"
S00001002,"Likely to be more deprived households with children, struggling to afford necessities and at risk of falling behind"
S00000351,Likely to be super rich households in prime city properties who are comfortable taking risks for big returns
S00000352,Likely to be high end families whose extremely successful careers have given them expensive homes and sizeable assets
S00000353,"Likely to be high status households with large detached homes in exclusive postcodes, working actively to maximise their portfolios"
S00000354,Likely to be success for these older families has brought beautiful homes in green settings and solid savings
S00000355,"Likely to be older households whose lifetime commute has paid off with substantial portfolios, now looking for profitable investments"
S00000356,"Likely to be successful singles progressing in good careers, some with sizeable mortgages and working hard to boost their finances"
S00000357,"Likely to be cosmopolitan older urbanites, often experienced in the public or third sectors, with good property and reasonable savings"
S00000358,"Likely to be responsible middle aged employees, most living alone, who have mortgages on small but pleasant homes"
S00000359,Likely to be ageing singles earning average salaries with little spare but who own their modest homes outright
S00000360,"Likely to be low wage, mature couples owning affordable homes who need to keep working and saving if they want adequate pensions"
S00000361,Likely to be extended families owning homes in inner urban suburbs where community links and support networks are strong
S00000362,"Likely to be rural households working in skilled trades or their own small business, relying on the local community to use their services"
S00000363,"Likely to be unassuming older parents with adult children at home, whose combined wages add up to a reasonable household income"
S00000364,"Likely to be lone parents trying to balance low incomes, childcare costs and their children's needs"
S00000365,Likely to be average waged singles choosing small homes close to shops and amenities that suit their current circumstances
S00000366,"Likely to be modest wage singles, owning or renting low value houses, looking for advancement that hasn't yet materialised"
S00000367,"Likely to be working age singles getting by with low income jobs, renting cheap homes and living for now"
S00000368,Likely to be mature couples with solid careers who worry whether their assets are sufficient to ensure a comfortable retirement
S00000369,Likely to be couples in their 50s and 60s whose lifetime of work means mortgage free modest homes and decent savings
S00000370,"Likely to be couples and singles choosing housing popular with retirees, often bungalows, with some reserves to buffer their income"
S00000371,"Likely to be older families, often with extra adults, in low value houses where minimal wages just about cover small scale spending"
S00000372,Likely to be hard up older singles in social housing living hand to mouth
S00000373,Likely to be cash strapped residents in social housing where sharing bills can help make ends meet
S00000374,"Likely to be disadvantaged older singles dependent on benefits and social housing, who are often unable to work"
S00000375,Likely to be discerning elderly investors on ample pensions enjoying retirement and actively researching financial options
S00000376,Likely to be retired professionals who take a close interest in their healthy personal finances and in keeping well
S00000377,Likely to be elderly singles with high assets and good sized homes who like to have financial advice in managing their investments
S00000378,Likely to be retired singles and couples in rural and village settings with good disposable incomes
S00000379,"Likely to be content retired couples owning average value homes, with double pensions giving a comfortable standard of living"
S00000380,"Likely to be elderly singles who keep a capable eye on their finances, ensuring their modest pension assets are safely invested"
S00000381,"Likely to be traditional single pensioners who have lived in the same unassuming home for a long time, now on adequate pensions"
S00000382,Likely to be low spending pensioners with only basic pension income but who own their small homes
S00000383,"Likely to be economical retired couples in their own modest homes, monitoring their finances in traditional ways"
S00000384,Likely to be surviving seniors who may have moved to more affordable housing to match their reduced income
S00000385,"Likely to be single pensioners left behind in their low cost homes of many years, with little to spare beyond essentials"
S00000386,"Likely to be low income elderly needing support, in complexes built for old people's needs"
S00001026,Experian proprietary Automotive modelled audiences who are expected to own a new car
S00001027,Experian proprietary Automotive modelled audiences who are expected to own a second hand car
S00001028,Experian proprietary Automotive modelled audiences who are expected to own 1 or more cars
S00001029,Experian proprietary Automotive modelled audiences who are expected to own 3 or more cars
S00001030,Experian proprietary Automotive modelled audiences who are expected to own large saloon or executive car
S00001031,Experian proprietary Automotive modelled audiences who are expected to own a sports/coupe car
S00001032,Experian proprietary Automotive modelled audiences who are expected to own a small/mini car
S00001033,Experian proprietary Automotive modelled audiences who are expected to own medium/saloon/estate/MPV car 
S00001034,Experian proprietary Automotive modelled audiences who are expected to own a SUV car
S00001035,Experian proprietary Automotive modelled audiences who are likely to drive in the next 10 years
S00001036,Experian proprietary Automotive modelled audiences who are expected to have purchased a used electric car in past year
S00001037,Experian proprietary Automotive modelled audiences who are expected to spend less than £10k on car purchase
S00001038,Experian proprietary Automotive modelled audiences who are expected to spend more than £10k on car purchase
S00001039,Experian proprietary Automotive modelled audiences who are expected to spend more than £20k on car purchase
S00001040,Experian proprietary Automotive modelled audiences who are expected to spend more than £40k on car purchase
S00001041,Experian proprietary Automotive modelled audiences who are expected to purchase a used car 
S00001042,Experian proprietary Automotive modelled audiences who are expected to use online manufacturer
S00001043,Experian proprietary Automotive modelled audiences who are expected to use cash to purchase
S00001044,Experian proprietary Automotive modelled audiences who are expected to use dealership finance
S00001045,Experian proprietary Automotive modelled audiences who are expected to use leasing
S00001046,Experian proprietary Automotive modelled audiences who are expected to use personal loan
S00001047,Experian proprietary Automotive modelled audiences who are expected to trade in their existing car
S00000611,"Likely cars are Mini Economy, for example, Hyundai i10, Suzuki Alto"
S00000612,"Likely cars are Mini Mid, for example, Citroen Dispatch, Smart Fortwo"
S00000613,"Likely cars are Super Mini Economy, for example, Fiat 500, Kia Picanto"
S00000614,"Likely cars are Super Mini Mid, for example, Mini Cooper, Vauxhall Corsa"
S00000615,"Likely cars are Super Mini Premium, for example, Audi A1"
S00000616,"Likely cars are Lower Medium Economy, for example, Kia Ceed, Citroen C4"
S00000617,"Likely cars are Lower Medium Mid, for example, DS4, Vw Golf"
S00000618,"Likely cars are Lower Medium Premium, for example, Audi A3, Bmw 1 Series"
S00000619,"Likely cars are Upper Medium Economy, for example, Hyundai I40, Kia Niro"
S00000620,"Likely cars are Upper Medium Mid, for example, Mazda 6, Skoda Octavia, Volvo XC40"
S00000621,"Likely cars are Upper Medium Premium, for example, Audi A4, Bmw 3 Series"
S00000622,"Likely cars are Executive Mid, for example, VW Arteon, Volvo S90"
S00000623,"Likely cars are Executive Premium, for example, Audi A6, Mercedes E Class"
S00000624,"Likely cars are Executive Economy, for example, Hyundai Ioniq"
S00000625,"Likely cars are Luxury Premium, for example, Audi A8, Mercedes S Class"
S00000626,"Likely cars are Luxury Luxury, for example, Bentley Continental"
S00000627,"Likely cars are Light Commercial Vehicle, for example, Ford Transit"
S00000628,"Likely cars are Sports Mid, for example, Mazda MX-5, Alpine A110"
S00000629,"Likely cars are Sports Premium, for example, Lexus LC, Audi R8"
S00000630,"Likely cars are Sports Luxury, for example, Aston Martin Db9, Lamborghini Huracan"
S00000631,"Likely cars are Sports Utility Economy, for example, Suzuki Vitara, Kia Sportage"
S00000632,"Likely cars are Sports Utility Mid, for example, Ford Kuga, Vauxhall Grandland"
S00000633,"Likely cars are Sports Utility Premium, for example, Audi Q5, Lexus Rx, Bmw X5"
S00000634,"Likely cars are Sports Utility Luxury, for example, Porsche Cayenne, Aston Martin DBX"
S00000635,"Likely cars are MPV Economy, for example, Dacia Jogger, Citroen Berlingo"
S00000636,"Likely cars are MPV Mid, for example, Skoda Kamiq, Peugeot 5008"
S00000637,"Likely cars are MPV Premium, for example, Mercedes B Class"
S00000923,Likely cars are Electric
S00000924,Likely cars are Hybrid
S00001003,Likely vehicles are Motorcycle
S00001004,"Likely cars are Electric Mini Mid, for example, Citroen E-C4 Shine, Cupra Born"
S00001005,"Likely cars are Electric Super Mini Mid, for example, Mini Cooper S, Honda E"
S00001006,"Likely cars are Electric Lower Medium Mid, for example, Nissan Leaf, VW ID3"
S00001007,"Likely cars are Electric Lower Medium Premium, for example, BMW i3, Polestar 2"
S00001008,"Likely to own a Electric Upper Medium Mid type Car, for example, Volvo XC40"
S00001009,"Likely to own a Electric Upper Medium Premium type Car, for example, Tesla Model 3, Jaguar I-Pace"
S00001010,"Likely to own a Electric Executive Premium type Car, for example, Audi E-Tron, Mercedes EQB"
S00001011,"Likely to own a Electric Sports Mid type Car, for example, MG 5, Ford Mustang"
S00001012,"Likely to own a Electric Sports Premium type Car, for example, Tesla Model S, Porsche Taycan"
S00001013,"Likely to own a Electric Sports Utility Mid type Car, for example, Peugeot 2008, Vauxhall Mokka"
S00001014,"Likely to own a Hybrid Super Mini Mid type Car, for example, Toyota Yaris, Mazda 2"
S00001015,"Likely to own a Hybrid Lower Medium Mid type Car, for example, Toyota Prius, VW Golf"
S00001016,"Likely to own a Hybrid Lower Medium Premium type Car, for example, Lexus CT, Audia A3"
S00001017,"Likely to own a Hybrid Upper Medium Mid type Car, for example, Volvo XC40, Skoda Superb"
S00001018,"Likely to own a Hybrid Upper Medium Premium type Car, for example, BMW 3 Series, Jaguar F Pace"
S00001019,"Likely to own a Hybrid Executive Mid type Car, for example, Volvo V90"
S00001020,"Likely to own a Hybrid Executive Premium type Car, for example, BMW 5 Series, Mercedes GLA"
S00001021,"Likely to own a Hybrid Luxury Premium type Car, for example, Mercedes S Class, BMW 7 Series"
S00001022,"Likely to own a Hybrid Sports Mid type Car, for example, Honda CR-Z, MG HS"
S00001023,"Likely to own a Hybrid Sports Premium type Car, for example, Maserati Ghibli"
S00001024,"Likely to own a Hybrid Sports Utility Mid type Car, for example, Toyota C-HR, Ford Kuga"
S00001025,"Likely to own a Hybrid Sports Utility Premium type Car, for example, Lexus RX, Audi Q7"
S00001087,Experian proprietary Finance and insurance modelled audiences who are expected to own a Cash ISA
S00001088,Experian proprietary Finance and insurance modelled audiences who are expected to own an Equity ISA
S00001089,Experian proprietary Finance and insurance modelled audiences who are expected to own an Instant access savings account
S00001090,Experian proprietary Finance and insurance modelled audiences who are expected to own Fixed rate savings bond
S00001091,Experian proprietary Finance and insurance modelled audiences who are expected to own Bonds or certificates
S00001092,Experian proprietary Finance and insurance modelled audiences who are expected to own NS&I savings acount
S00001093,Experian proprietary Finance and insurance modelled audiences who are expected to own Premium bonds
S00001094,Experian proprietary Finance and insurance modelled audiences who are expected to own Property or land
S00001095,Experian proprietary Finance and insurance modelled audiences who are expected to own Stocks and shares (excl.ISA)
S00000743,Likely to purchase Baby products
S00000744,Likely to purchase Baby Clothing products
S00000745,Likely to purchase Beauty Accessories products
S00000746,Likely to purchase Childrens Medicines products
S00000747,"Likely to purchase Skincare, clear products"
S00000748,Likely to purchase Cough Cold products
S00000749,Likely to purchase Dental products
S00000750,Likely to purchase Deodorant products
S00000755,"Likely to purchase Skincare, expert products"
S00000756,Likely to purchase Eyecare products
S00000757,Likely to purchase Female Grooming products
S00000758,Likely to purchase Feminine hygiene products
S00000759,Likely to purchase First Aid products
S00000760,Likely to purchase Footcare products
S00000764,Likely to purchase Gastro products
S00000765,Likely to purchase Hair products
S00000766,Likely to purchase Hair accessories products
S00000767,Likely to purchase hair removal skincare products
S00000768,Likely to purchase Hair styling products
S00000769,Likely to purchase Hairloss products
S00000770,Likely to purchase hand and body skincare products
S00000771,Likely to purchase Hayfever products
S00000772,Likely to purchase Health Foods products
S00000773,Likely to purchase Heart Health products
S00000774,Likely to purchase Indulgent Bathing products
S00000775,Likely to purchase Insect Repellent products
S00000776,Likely to purchase Male Grooming products
S00000777,Likely to purchase medicated skincare products
S00000779,"Likely to purchase Mens, deodorants products"
S00000781,Likely to purchase Mens hair products
S00000783,Likely to purchase Mens mass Fragrance products
S00000784,Likely to purchase Mens razors and blades products
S00000786,Likely to purchase Mens shaving products
S00000788,Likely to purchase Smoking control products
S00000789,Likely to purchase Pain Relief products
S00000790,Likely to purchase Hair permanent colourants products
S00000792,Likely to purchase premium eye and nail Cosmetics products
S00000793,Likely to purchase premium face Cosmetics products
S00000794,Likely to purchase premium lip Cosmetics products
S00000795,Likely to purchase Premium Cosmetics products
S00000796,Likely to purchase Cosmetics products
S00000797,Likely to purchase self tan Skincare products
S00000798,Likely to purchase semi permanent Hair colourants products
S00000799,Likely to purchase Shower products
S00000800,Likely to purchase Skincare products
S00000801,Likely to purchase Snacking products
S00000802,Likely to purchase Sports Nutrition products
S00000803,"Likely to purchase Cosmetics, mass eye, face and lip products"
S00000804,"Likely to purchase Cosmetics, mass nail products"
S00000805,Likely to purchase Suncare products
S00000807,Likely to purchase Vitamins products
S00000808,"Likely to purchase Vitamins, beauty products"
S00000809,Likely to purchase Washing and Bathing products
S00000810,Likely to purchase Weight Management products
S00000812,Likely to purchase womens mass Fragrance products
S00001073,Experian proprietary Finance and insurance modelled audiences who are expected to seek advice from financial advisor in the next 12 months
S00000140,Likely to be people with a high likelihood to take financial advice
S00000142,Likely to be people with a low likelihood to take financial advice
S00000141,Likely to be people with a medium likelihood to take financial advice
S00001077,Experian proprietary Finance and insurance modelled audiences who are expected to have  additional life insurance in the next 12 months
S00001079,Experian proprietary Finance and insurance modelled audiences who are expected to own Over 50s cover in the next 12 months
S00001080,Experian proprietary Finance and insurance modelled audiences who are expected to own Life insurance
S00001081,Experian proprietary Finance and insurance modelled audiences who are expected to own Critical illness cover
S00001082,Experian proprietary Finance and insurance modelled audiences who are expected to own Income protection
S00001083,Experian proprietary Finance and insurance modelled audiences who are expected to own a Managed portfolio
S00001084,Experian proprietary Finance and insurance modelled audiences who are expected to own Trusts or funds
S00001085,Experian proprietary Finance and insurance modelled audiences who are expected to own a General investments account
S00001086,Experian proprietary Finance and insurance modelled audiences who are expected to own a Investment bond
S00001075,Experian proprietary Finance and insurance modelled audiences who are expected to switch mortgage provider in the next 12 months
S00001078,Experian proprietary Finance and insurance modelled audiences who are expected to have a Mortgage in the next 12 months
S00001096,Experian proprietary Finance and insurance modelled audiences who are expected to have a Personal pension
S00001097,Experian proprietary Finance and insurance modelled audiences who are expected to have a Workplace pension
S00001074,Experian proprietary Finance and insurance modelled audiences who are expected to increase pension contribution in the next 12 months
S00001076,Experian proprietary Finance and insurance modelled audiences who are expected to switch pension provider in the next 12 months
S00001098,Experian proprietary Finance and insurance modelled audiences who are expected to have a Non-contributory occupational pension
S00001099,Experian proprietary Finance and insurance modelled audiences who are expected to have a Self Invested Personal Pension (SIPP)
S00001100,Experian proprietary Finance and insurance modelled audiences who are expected to have an Occupational pension based on final salary
S00001201,"Experian transactional Spends on Car Spend audience including Kwik Fit, Evans Halshaw"
S00001202,"Experian transactional  Spend at charity audience including Save the Children, Cancer Research UK, Age UK, Shelter, British Red Cross, Oxfam"
S00001203,"Experian transactional  Spend at charity shops audience including Save the Children, Cancer Research UK, Age UK, Shelter, British Red Cross, Oxfam"
S00001223,"Experian transactional Bars and Clubs Spend audience including Revolution, All Bar One, The Slug & Lettuce, Wetherspoons, The Alchemist, Be At One, BrewDog"
S00001215,"Experian transactional Cinema Spend audience including Odeon, Everyman Cinema, Vue, Empire, Cineworld"
S00001224,"Experian transactional Days Out Spend audience including Tenpin, Legoland, Wacky Warehouse, Sealife Centres, Madame Tussauds, Alton Towers"
S00001216,"Experian transactional Gaming Spend audience including Game, CeX, Steam, Playstation, Nintendo"
S00001225,"Experian transactional Regular Reader Spend audience including Amazon Kindle, Waterstones"
S00001217,Experian transactional Streaming Spend audience - Netflix
S00001218,Experian transactional Streaming Spend audience - Disney+
S00001219,Experian transactional Streaming Spend audience - Amazon Prime Video
S00001220,Experian transactional Streaming Spend audience - Amazon Music
S00001221,Experian transactional Streaming Spend audience - Spotify
S00001222,Experian transactional Streaming Spend audience - NowTV
S00001234,"Experian transactional Alcoholic Drinks Spend audience including Laithwaites, Bargain Booze, Majestic Wine, Virgin Wines, Oddbins"
S00001233,"Experian transactional Bakeries Spend audience including Patisserie Valerie, Cornish Bakehouse, The Pasty Shop, Reeve The Baker"
S00001230,"Experian transactional Coffee Spend audience including Starbucks, Costa, Caffe Nero, Pret A Manger"
S00001235,"Experian transactional Delivery Services Spend audience including Deliveroo, Just Eat, Uber Eats"
S00001228,"Experian transactional Dessert lover Spend audience including Ben & Jerrys, Kaspas, Creams, Millies Cookies, Krispy Kreme"
S00001226,"Experian transactional Fast Food Spend audience including McDonalds, Burger King, KFC, Greggs, Taco Bell, Subway"
S00001236,"Experian transactional Healthy Eating Spend audience including Mindful Chef, COOK, Gousto, Hello Fresh"
S00001229,"Experian transactional On the go Spend audience including Pret A Manger, Tortilla, Starbucks, Costa, Chopstix"
S00001227,"Experian transactional Premium Fast Food Spend audience including Five Guys, Papa Johns, Pizza Hut, Dominos Pizza"
S00001231,"Experian transactional Restaurant low-medium budget Spend audience including Beefeater Grill, Toby Carvery, Nandos, Zizzi, Wagamama, Pizza Express, Turtle Bay"
S00001232,"Experian transactional Restaurant high budget Spend audience including Cote, Dishoom, Hawksmoor, Goodmans, Gaucho, The Botanist"
S00001238,"Experian transactional Cosmetics Spend audience including The Body Shop, MAC Cosmetics,  Kiehls, Kiko"
S00001240,"Experian transactional Gyms & Health Clubs Spend audience including David Lloyd, Pure Gym, DW Fitness First"
S00001242,"Experian transactional Hair Spend audience including Supercuts, KH Hair, Toni & Guy"
S00001237,"Experian transactional High St Pharmacy Spend audience including Holland & Barrett, Boots The Chemist, Superdrug"
S00001241,"Experian transactional New Years Resolutions Spend audience David Lloyd,  Mindful Chef, COOK, Sweaty Betty, Nike, JD Sports"
S00001243,"Experian transactional Opticians Spend audience including Specsavers, Boots Opticians, Vision Express"
S00001239,"Experian transactional Perfume Spend audience including Jo Malone, The Fragrance Shop"
S00001198,Experian transactional Average spender Spend audience including middle third of spenders
S00001197,Experian transactional Budget spender Spend audience including lowest third of spenders
S00001199,Experian transactional Regular high spender Spend audience including top third of spenders
S00001200,Experian transactional Top Spender Spend audience including top 10% of spenders
S00001196,Experian transactional Regular online shopper Spend audience
S00001271,Experian transactional Retail Spend audience - Amazon
S00001268,"Experian transactional Cards & Gifts Spend audience including Hotel Chocolat, Millies Cookies, Thorntons, MenKind, Funkypigeon, moonpig"
S00001270,Experian transactional Retail Spend audience - Ebay
S00001244,"Experian transactional Luxury/Boutique Brands Spend audience including Mulberry, Ralph Lauren, Hugo Boss, Fenwick, Ted Baker, Joules"
S00001245,"Experian transactional High Street Budget Brands Spend audience including Primark, Bonmarche, Peacocks, Asda George, New Look, H&M"
S00001246,"Experian transactional High Street Brands Spend audience including  Mango, Hollister, Urban Outfitters, Superdry, Zara, Next"
S00001247,"Experian transactional Premium High Street Brands Spend audience including Oliver Bonas, The White Company, House of Fraser, John Lewis"
S00001248,"Experian transactional Fast Fashion Buyers Spend audience including PrettyLittleThing, Boohoo, M&M Direct, ASOS"
S00001249,"Experian transactional Online Marketplace Spend audience including Depop, Vinted"
S00001250,"Experian transactional Sportswear Spend audience including Sweaty Betty, Nike, JD Sports, Castore, UnderArmour"
S00001251,"Experian transactional Outdoors Spend audience including Cotswold Outdoor, Trespass, Millets, Blacks, Mountain Warehouse, Decathlon"
S00001252,"Experian transactional Shoes Spend audience including Shoe Zone, FootAsylum,  Schuh, Clarks, Foot Locker, ShoeZone"
S00001255,"Experian transactional Furniture and Interiors Spend audience including HomeSense, Carpetright, Furniture Village, DFS, The Range, Dunelm, IKEA"
S00001256,"Experian transactional DIY Spend audience including Toolstation, Screwfix, Homebase"
S00001257,"Experian transactional Cookware Spend audience including Lakeland, John Lewis, ProCook"
S00001258,"Experian transactional Kitchen Spend audience including Magnet, Wren Kitchens"
S00001259,"Experian transactional Garden Spend audience including Homebase, B&Q"
S00001260,"Experian transactional Landscaping Spend audience including Travis Perkins, Jewsons"
S00001261,"Experian transactional Decorating Spend audience including Farrow & Ball, B&Q, Wickes"
S00001262,"Experian transactional New Homeowner Spend audience including Bensons For Beds, HomeSense, Carpetright,  IKEA, Homebase, B&Q"
S00001253,"Experian transactional Jewellery & Watches Spend audience including Tiffany & Co, Swarovski, Goldsmiths, Ernest Jones, Warren James, Pandora"
S00001263,"Experian transactional New parents Spend audience including Jojo Maman Bebe, Mamas & Papas"
S00001264,"Experian transactional Parents Spend audience including Smyths, Hamleys, Toymaster, Build a Bear, Wacky Warehouse, Flip Out, The Entertainer, Lego"
S00001265,"Experian transactional Parents summer Spend audience including Odeon, Cineworld, Legoland, Tenpin"
S00001266,"Experian transactional Parents back to school Spend audience including Asda George, Clarks, WH Smith, Ryman"
S00001267,"Experian transactional Pet owners Spend audience including Pets Corner, Pets At Home"
S00001269,"Experian transactional Stationary Spend audience including WH Smith, Scribbler, Paperchase, Ryman The Stationer, Card Factory"
S00001254,"Experian transactional Valentines Day spenders Spend audience including Swarovski, H. Samuel, Hotel Chocolat, Clintons, Interflora"
S00001275,Experian transactional Supermarket Spend audience - Aldi
S00001286,Experian transactional Supermarket Spend audience - Asda
S00001276,Experian transactional Supermarket Spend audience - Budgens
S00001272,"Experian transactional Budget Spend audience including Tesco, Asda, Farmfoods, Lidl, Nisa, Food Warehouse, Heron Foods, Iceland, Aldi"
S00001282,Experian transactional Supermarket Spend audience - Co-operative Food
S00001277,Experian transactional Supermarket Spend audience - Costco
S00001278,Experian transactional Supermarket Spend audience - Iceland
S00001279,Experian transactional Supermarket Spend audience - Lidl
S00001281,Experian transactional Supermarket  Spend audience - Marks & Spencer
S00001273,"Experian transactional Mid Spend audience including Budgens, Sainsburys, Morrisons"
S00001280,Experian transactional Supermarket Spend audience - Morrisons
S00001287,Experian transactional Supermarket Spend audience - Ocado
S00001274,"Experian transactional Premium Spend audience including Waitrose, Marks & Spencer, Ocado, Booths"
S00001283,Experian transactional Supermarket Spend audience - Sainsburys
S00001284,Experian transactional Supermarket Spend audience - Tesco
S00001285,Experian transactional Supermarket Spend audience - Waitrose
S00001208,Experian transactional Tech Spend audience - ao.com
S00001206,Experian transactional Tech Spend audience - Apple Digital
S00001204,Experian transactional Tech Spend audience - Apple Store
S00001207,Experian transactional Tech Spend audience - Currys
S00001210,Experian transactional Phone Network Spend audience - EE
S00001211,Experian transactional Phone Network Spend audience - O2
S00001212,Experian transactional Phone Network Spend audience - Vodafone
S00001213,Experian transactional Phone Network Spend audience - Three
S00001214,"Experian transactional Budget Phone Network Spend audience including giffgaff, Asda Mobile, Tesco Mobile, Lycamobile"
S00001205,Experian transactional Tech Spend audience - Samsung
S00001209,"Experian transactional Tech lover Spend audience including Sony Centre, Carphone Warehouse, Currys PC World"
S00001288,"Experian transactional Budget Airlines Spend audience including EasyJet, Jet2 Holidays, Wizz Air, RyanAir, Aer Lingus"
S00001289,"Experian transactional Standard/Premium Airlines Spend audience including Virgin Atlantic, British Airways, Emirates Air, Qatar Airways"
S00001298,"Experian transactional Car Fuel Spend audience including Shell, Tesco Petrol, Sainsburys Petrol, Asda Petrol, Morrisons Petrol, Texaco, BP"
S00001299,"Experian transactional Car EV Charging Spend audience including Ecotricity, Gridserve, ChargePoint, GeniePoint, Applegreen"
S00001290,"Experian transactional Car Rental Spend audience including Europcar, Hertz,  Avis, Sixt , Thrifty"
S00001295,"Experian transactional Cruise Holidays Spend audience including P&O Cruises, Royal Caribbean Cruises, Celebrity Cruises, MSC Cruises, Norwegian Cruise Line, Princess Cruises"
S00001296,"Experian transactional Holidays Spend audience including Virgin Holidays, Butlins, Hays Travel, airbnb, Booking.com, Expedia, Viator"
S00001291,"Experian transactional Budget Hotels Spend audience including Travelodge, Premier Inn, easyHotel, Holiday Inn Express"
S00001292,"Experian transactional Premium Hotels Spend audience including Best Western Hotels, Raddison Hotels, Malmaison, Hilton Hotels"
S00001293,"Experian transactional Resort Hotels Spend audience including Center Parcs, Haven Holidays, Butlins"
S00001297,"Experian transactional Taxis Spend audience including Uber, City Grab, Bolt"
S00001294,"Experian transactional Trains Spend audience including South Western Railway, TFL, Great Western Railway, East Midlands Trains, TheTrainline"
S00000751,Likely to purchase Electrical dental products
S00000752,Female Buyers likely to purchase Electrical Beauty products
S00000753,Male buyers likely to purchase Electrical Beauty products
S00000754,"Likely to purchase Electrical, hair products"
S00000761,Female Buyers likely to purchase Fragrance products
S00000762,Male Buyers likely to purchase Fragrance products
S00000763,Likely to purchase Fragrance gift products
S00000778,Female Buyers likely to purchase Mens products
S00000780,Likely to purchase Mens fine Fragrance products
S00000785,Female Buyers likely to purchase Mens Razors and Blades products
S00000787,Female Buyers likely to purchase Mens Shave products
S00000791,Likely to purchase Photo products
S00000806,Likely to purchase Travel Services products
S00000811,Likely to purchase womens fine Fragrance products
S00001113,"Experian proprietary Interests, hobbies and travel modelled audiences who are expected to go to Art galleries"
S00001114,"Experian proprietary Interests, hobbies and travel modelled audiences who are expected to go to Ballet and dance"
S00001115,"Experian proprietary Interests, hobbies and travel modelled audiences who are expected to go to Comedy shows"
S00001116,"Experian proprietary Interests, hobbies and travel modelled audiences who are expected to go to Pubs and nightclubs"
S00001117,"Experian proprietary Interests, hobbies and travel modelled audiences who are expected to go to Restaurants and cafes"
S00001118,"Experian proprietary Interests, hobbies and travel modelled audiences who are expected to go to Sporting events"
S00001119,"Experian proprietary Interests, hobbies and travel modelled audiences who are expected to go to the Theatre"
S00001120,"Experian proprietary Interests, hobbies and travel modelled audiences who are expected to go to Theme parks"
S00001127,"Experian proprietary Interests, hobbies and travel modelled audiences who are expected to spend more than £50 monthly in pubs"
S00001128,"Experian proprietary Interests, hobbies and travel modelled audiences who are expected to spend more than £100 monthly in pubs"
S00001129,"Experian proprietary Interests, hobbies and travel modelled audiences who are expected to spend more than £50 monthly on takeaways"
S00001121,"Experian proprietary Interests, hobbies and travel modelled audiences who are expected to have flown business class in past year"
S00001122,"Experian proprietary Interests, hobbies and travel modelled audiences who are expected to have been on a cruise recently"
S00001123,"Experian proprietary Interests, hobbies and travel modelled audiences who are expected to have been camping recently"
S00001124,"Experian proprietary Interests, hobbies and travel modelled audiences who are expected to have been on a coach tour recently"
S00001125,"Experian proprietary Interests, hobbies and travel modelled audiences who are expected to have spent more than £1000 on recent travel"
S00001126,"Experian proprietary Interests, hobbies and travel modelled audiences who are expected to have spent more than £2000 on recent travel"
S00001048,Experian proprietary Channel preference modelled audiences who are expected to prefer podcasts
S00001049,Experian proprietary Channel preference modelled audiences who are expected to prefer printed magazines
S00001050,Experian proprietary Channel preference modelled audiences who are expected to prefer printed newspapers
S00001051,Experian proprietary Channel preference modelled audiences who are expected to prefer bilboard
S00001052,Experian proprietary Channel preference modelled audiences who are expected to prefer mobile advert
S00001053,Experian proprietary Channel preference modelled audiences who are expected to prefer newspaper insert
S00001054,Experian proprietary Channel preference modelled audiences who are expected to prefer social media offer
S00001130,Experian proprietary Media consumption and social media modelled audiences who are expected to use newspapers as their primary news source
S00001131,Experian proprietary Media consumption and social media modelled audiences who are expected to use news websites as their primary news source
S00001132,Experian proprietary Media consumption and social media modelled audiences who are expected to use news apps as their primary news source
S00001133,Experian proprietary Media consumption and social media modelled audiences who are expected to use TVs as their primary news source
S00001134,Experian proprietary Media consumption and social media modelled audiences who are expected to use social network websites as their primary news source
S00001135,Experian proprietary Media consumption and social media modelled audiences who are expected to use newspaper websites as their primary news source
S00001136,Experian proprietary Media consumption and social media modelled audiences who are expected to read  broadsheets daily
S00001137,Experian proprietary Media consumption and social media modelled audiences who are expected to read Express daily
S00001138,Experian proprietary Media consumption and social media modelled audiences who are expected to read Daily Mail daily
S00001139,Experian proprietary Media consumption and social media modelled audiences who are expected to read Mirror daily
S00001140,Experian proprietary Media consumption and social media modelled audiences who are expected to read Daily Star daily
S00001141,Experian proprietary Media consumption and social media modelled audiences who are expected to read The Sun daily
S00001142,Experian proprietary Media consumption and social media modelled audiences who are expected to read The Telegraph daily
S00001143,Experian proprietary Media consumption and social media modelled audiences who are expected to read Financial Times daily
S00001144,Experian proprietary Media consumption and social media modelled audiences who are expected to read The Guardian daily
S00001145,Experian proprietary Media consumption and social media modelled audiences who are expected to read The Times daily
S00001146,Experian proprietary Media consumption and social media modelled audiences who are expected to read Local paper daily
S00001147,Experian proprietary Media consumption and social media modelled audiences who are expected to use social media more than 30 hours per week
S00001148,Experian proprietary Media consumption and social media modelled audiences who are expected to use social media 10 times per day
S00001149,Experian proprietary Media consumption and social media modelled audiences who are expected to use Facebook more than 20 hours per week
S00001150,Experian proprietary Media consumption and social media modelled audiences who are expected to use TikTok more than 5 hours per week
S00001184,Experian proprietary Sustainability modelled audiences who are expected to have spent less than £1000 on energy in last 12 months
S00001185,Experian proprietary Sustainability modelled audiences who are expected to have spent more than £1000 on energy in last 12 months
S00001186,Experian proprietary Sustainability modelled audiences who are expected to have spent more than £1750 on energy in last 12 months
S00001187,Experian proprietary Sustainability modelled audiences who are expected to have spent more than £2500 on energy in last 12 months
S00001182,Experian proprietary Sustainability modelled audiences who are expected to consider Electric
S00001183,Experian proprietary Sustainability modelled audiences who are expected to consider Hybrid
S00001174,Experian proprietary Sustainability modelled audiences who are expected to pay more for environmentally friendly products
S00001175,Experian proprietary Sustainability modelled audiences who are expected to prefer sustainable brands
S00001176,Experian proprietary Sustainability modelled audiences who are expected to consider environmental impact on new car purchase
S00001177,Experian proprietary Sustainability modelled audiences who are expected to have  changed energy supplier
S00001178,Experian proprietary Sustainability modelled audiences who are expected to change to green energy supply
S00001179,Experian proprietary Sustainability modelled audiences who are expected to be  willing to pay for sustainable energy
S00001180,Experian proprietary Sustainability modelled audiences who are expected to to replace gas boiler with heat pump system
S00001181,Experian proprietary Sustainability modelled audiences who are expected to to consider solar panels
S00001107,Experian proprietary Health and wellbeing modelled audiences who are expected to take health supplements for training
S00001108,Experian proprietary Health and wellbeing modelled audiences who are expected to have a healthy diet
S00001109,Experian proprietary Health and wellbeing modelled audiences who are expected to eat vegan products daily
S00001110,Experian proprietary Health and wellbeing modelled audiences who are expected to be  flexible vegetarian
S00001111,Experian proprietary Health and wellbeing modelled audiences who are expected to consider organic labels
S00000982,Likely to be interested in the FIFA World Cup
S00001104,Experian proprietary Health and wellbeing modelled audiences who are expected to be considering gym membership in next 12 months
S00001105,Experian proprietary Health and wellbeing modelled audiences who are expected to have annual gym membership
S00001106,Experian proprietary Health and wellbeing modelled audiences who are expected to have monthly gym membership
S00001101,Experian proprietary Health and wellbeing modelled audiences who are expected to track health daily on mobile
S00001102,Experian proprietary Health and wellbeing modelled audiences who are expected to own wearable devices to encourage healthy lifestyle
S00001103,Experian proprietary Health and wellbeing modelled audiences who are expected to exercise once a week
S00001112,"Experian proprietary Interests, hobbies and travel modelled audiences who are expected to own a pet"
S00001069,Experian proprietary Streaming and digital activity modelled audiences who are expected to prefer offline solo play gaming
S00001070,Experian proprietary Streaming and digital activity modelled audiences who are expected to prefer online multiplayer gaming
S00001071,Experian proprietary Streaming and digital activity modelled audiences who are expected to bought games in past 6 months
S00001072,Experian proprietary Streaming and digital activity modelled audiences who are expected to play video game 14+ hours per week
S00000143,"Likely to be people with investable assets of less than £30,000"
S00000144,"Likely to be people with total investable assets of £30,000 to £50,000"
S00000145,"Likely to be people with total investable assets of £50,000 to £100,000"
S00000146,"Likely to be people with total investable assets of £100,000 to £250,000"
S00000147,"Likely to be people with total investable assets of £250,000 to £500,000"
S00000148,"Likely to be people with total investable assets of £500,000 to £1,000,000"
S00000149,"Likely to be people with investable assets of more than £1,000,000"
S00001154,Experian proprietary Purchasing behaviour and charity modelled audiences who are expected to have donated more than £50 in last three months
S00001155,Experian proprietary Purchasing behaviour and charity modelled audiences who are expected to use price comparison for utilities
S00001156,Experian proprietary Purchasing behaviour and charity modelled audiences who are  expected to use price comparison for financial products
S00001169,Experian proprietary Shopping modelled audiences who are expected to spend more than £100 monthly on clothes
S00001170,Experian proprietary Shopping modelled audiences who are expected to spend more than £300 monthly on clothes
S00000292,"Likely to be fashion conscious, healthy younger adults who invest time in socialising, going out and like to make an impression"
S00000295,Likely to be younger adults who look good on a budget
S00000299,Likely to be street style families with growing children who like to look good with high street brands
S00000303,Likely to be appearance conscious middle aged adults who shop on the high street
S00000304,"Likely to be mature, high spending adults with a focus on quality and appearance"
S00000308,Likely to be fashion conscious younger adults living at home with affluent parents
S00000310,Likely to be label conscious young professionals with ambition
S00000319,Likely to be mature high street shoppers who like to look and feel good with high street brands
S00001171,Experian proprietary Shopping modelled audiences who are expected to spend more than £100 monthly on footwear
S00001161,Experian proprietary Shopping modelled audiences who are expected to shop at Aldi
S00001162,Experian proprietary Shopping modelled audiences who are expected to shop at Asda
S00001163,Experian proprietary Shopping modelled audiences who are expected to shop at Coop
S00001164,Experian proprietary Shopping modelled audiences who are expected to shop at Iceland
S00001165,Experian proprietary Shopping modelled audiences who are expected to shop at Marks and spencer
S00001166,Experian proprietary Shopping modelled audiences who are expected to shop at Ocado
S00001167,Experian proprietary Shopping modelled audiences who are expected to shop at Sainsburys
S00001168,Experian proprietary Shopping modelled audiences who are expected to shop at Waitrose
S00001172,Experian proprietary Shopping modelled audiences who are expected to spend more than £50 monthly on makeup
S00001173,Experian proprietary Shopping modelled audiences who are expected to spend more than £100 monthly on personal care
S00001151,Experian proprietary Purchasing behaviour and charity modelled audiences who are expected to prefer to shop online
S00001152,Experian proprietary Purchasing behaviour and charity modelled audiences who are expected to check product reviews online
S00001153,Experian proprietary Purchasing behaviour and charity modelled audiences who are expected to be first to know new trends
S00000979,Likely to spend on back to school items
S00000980,Likely to spend on haloween
S00000981,Likely to spend on on Black Friday or Cyber Monday
S00000293,Likely to be younger adult who can afford to buy high end premium and luxury products
S00000294,Likely to be adults who love to shop spontaneously online
S00000297,Likely to be working parents with young children that influence the things they buy
S00000298,Likely to be large household families with younger children that buy the best known brands
S00000300,Likely to be families that prefer a bargain and value for money
S00000302,Likely to be mature adults who buy what they need for a job or a purpose from local shops
S00000306,Likely to be older adults who prioritise service and quality over price
S00000307,Likely to be adults who prioritise price over quality
S00000312,Likely to be older adults with successful careers who buy premium brands
S00000313,Likely to be middle income families who save to buy their favourite brands
S00000317,"Likely to be older adults and families who appreciate quality, service and fine life living"
S00000318,Likely to be families or middle aged adults buying basic or generic brands
S00001157,Experian proprietary Shopping modelled audiences who are expected to spend less than £50 weekly on supermarket spend
S00001158,Experian proprietary Shopping modelled audiences who are expected to spend more than £100 weekly on supermarket spend
S00001159,Experian proprietary Shopping modelled audiences who are expected to spend more than £130 weekly on supermarket spend
S00001160,Experian proprietary Shopping modelled audiences who are expected to be primarily motivated by cheapest price
S00001055,Experian proprietary Streaming and digital activity modelled audiences who are expected to online shop daily
S00001056,Experian proprietary Streaming and digital activity modelled audiences who are expected to use social networks daily
S00001057,Experian proprietary Streaming and digital activity modelled audiences who are expected to watch TV daily
S00001058,Experian proprietary Streaming and digital activity modelled audiences who are expected to watch videos daily
S00001059,Experian proprietary Streaming and digital activity modelled audiences who are expected to use BT
S00001060,Experian proprietary Streaming and digital activity modelled audiences who are expected to use Sky
S00001061,Experian proprietary Streaming and digital activity modelled audiences who are expected to use Virgin
S00001191,Experian proprietary Device and technology adoption modelled audiences who are expected to spend more than £0–£10 monthly on mobile expenditure
S00001192,Experian proprietary Device and technology adoption modelled audiences who are expected to spend more than £50 monthly on mobile expenditure
S00001062,Experian proprietary Streaming and digital activity modelled audiences who are expected to be willing to pay for music online
S00001063,Experian proprietary Streaming and digital activity modelled audiences who are expected to stream music several times a day
S00001064,Experian proprietary Streaming and digital activity modelled audiences who are expected to stream music several times a week
S00001065,Experian proprietary Streaming and digital activity modelled audiences who are expected to prefer to stream TV content
S00001193,Experian proprietary Device and technology adoption modelled audiences who are expected to own multiple smart speakers
S00001194,Experian proprietary Device and technology adoption modelled audiences who are expected to have smart security
S00001195,Experian proprietary Device and technology adoption modelled audiences who are expected to have smart lighting
S00001188,Experian proprietary Device and technology adoption modelled audiences who are expected to be keen to use new to market tech
S00001189,Experian proprietary Device and technology adoption modelled audiences who are expected to only replace tech when broken
S00001190,Experian proprietary Device and technology adoption modelled audiences who are expected to be actively looking to buy new tech
S00001066,"Experian proprietary Streaming and digital activity modelled audiences who are expected to stream over 30 hours per week (BBC iplayer, ITV Hub etc)"
S00001067,Experian proprietary Streaming and digital activity modelled audiences who are expected to stream video on demand several times a week
S00001068,"Experian proprietary Streaming and digital activity modelled audiences who are expected to stream over 30 hours per week (Netflix, Prime etc)"
S00000984,Audiences who are likely to spend on camping or caravanning holiday
S00000985,Audiences who are likely to spend on cruise holiday
S00000983,Audiences who are likely to spend on beach and sun holiday
S00000986,Audiences who are likely to spend on winter sports holiday
S00000281,"Likely to be affluent urban professionals immersed in digital technology, which plays a key role in the way they organise their lives"
S00000282,Likely to be young adults with sophisticated online behaviour making full use of modern devices and social media
S00000283,"Likely to be members of diverse urban communities, some comfortable, some challenged, who are avid users of social media and mobile"
S00000284,Likely to be members of the first digital generation who are now starting their own households and careers
S00000285,Likely to be young singles and students exploring the cutting edge of latest social media and digital innovations
S00000286,Likely to be singles and families with squeezed finances using digital technology for everyday entertainment
S00000287,Likely to be affluent older families in suburban areas with upmarket tastes making practical use of digital technology
S00000288,Likely to be mature middle income suburban families using digital technology for entertainment and searching for online bargains
S00000289,"Likely to be affluent families living urban lifestyles in rural settings, making practical use of digital technology for information and shopping"
S00000290,"Likely to be older and retired households enjoying life in isolated rural areas beyond broadband, and with limited interest in technology"
S00000291,"Likely to be elderly singles and households with little to no interest in, or access to, digital technology"
S00000301,Likely to be affluent stay at home parents living in expensive houses and spending a lot on luxury and premium products
S00000296,Likely to be affluent urban renters who can afford to buy premium and luxury products
S00000305,Likely to be affluent older adults who know what they like and like to look good
S00000309,"Likely to be affluent, urban adults using high disposable incomes to look good"
S00000311,Likely to be young men with low disposable income spending beyond their means
S00000314,"Likely to be urban dwelling, appearance conscious living in large families"
S00000315,Likely to be price conscious making impulsive purchases
S00000316,Likely to be middle aged with high disposable income buying top quality products
S00000320,Likely to be retired men living alone buying basic brands
S00000150,Likely to be high status city dwellers living in central locations and pursuing careers with high rewards
S00000151,Likely to be established families in large detached homes living upmarket lifestyles
S00000152,Likely to be well off owners in rural locations enjoying the benefits of country life
S00000153,Likely to be householders living in inexpensive homes in village communities
S00000154,Likely to be elderly people with assets who are enjoying a comfortable retirement
S00000155,Likely to be mature suburban owners living settled lives in mid range housing
S00000156,Likely to be thriving families who are busy bringing up children and following careers
S00000157,Likely to be younger households settling down in housing priced within their means
S00000987,Likely to be families with limited resources who budget to make ends meet 
S00000158,Likely to be single people privately renting low cost homes for the short term
S00000988,Likely to be urban residents renting high density housing from social landlords
S00000159,Likely to be elderly people reliant on support to meet financial or practical needs
S00000160,Likely to be mature homeowners of value homes enjoying stable lifestyles
S00000161,Likely to be residents of settled urban communities with a strong sense of identity
S00000162,Likely to be educated young people privately renting in urban neighbourhoods 
S00000163,Likely to be global high flyers and families of privilege living luxurious lifestyles in london's most exclusive boroughs
S00000164,Likely to be high status households owning elegant homes in accessible inner suburbs where they enjoy city life in comfort
S00000165,Likely to be city suits renting premium priced flats in prestige central locations where they work hard and play hard
S00000166,Likely to be ambitious 20 and 30 somethings renting expensive apartments in highly commutable areas of major cities
S00000167,"Likely to be influential families with substantial income established in distinctive, expansive homes in wealthy enclaves"
S00000168,Likely to be retired residents in sizeable homes whose finances are secured by significant assets and generous pensions
S00000169,"Likely to be high achieving families living fast track lives, advancing careers, finances and their school age kids' development"
S00000170,Likely to be well off families in upmarket suburban homes where grown up children benefit from continued financial support
S00000171,Likely to be mature couples in comfortable detached houses who have the means to enjoy their empty nest status
S00000172,"Likely to be prosperous owners of country houses including the rural upper class, successful farmers and second home owners"
S00000173,Likely to be country loving families pursuing a rural idyll in comfortable village homes while commuting some distance to work
S00000174,Likely to be older households appreciating rural calm in stand alone houses within agricultural landscapes
S00000175,Likely to be retirees enjoying pleasant village locations with amenities to service their social and practical needs
S00000176,Likely to be mature households living in expanding developments around larger villages with good transport links
S00000177,Likely to be rural families in affordable village homes who are reliant on the local economy for jobs
S00000178,Likely to be pensioners living in inexpensive housing in out of the way locations
S00000179,Likely to be inter dependent households living in the most remote communities with long travel times to larger towns
S00000180,Likely to be time honoured elders now mostly living alone in comfortable suburban homes on final salary pensions
S00000181,Likely to be peace seeking seniors appreciating the calm of bungalow estates designed for the elderly
S00000182,Likely to be lifelong couples in standard suburban homes enjoying retirement through grandchildren and gardening
S00000183,Likely to be senior singles whose reduced incomes are satisfactory in their affordable but pleasant owned homes
S00000184,Likely to be long term couples with mid range incomes whose adult children have returned to the shelter of the family home
S00000185,Likely to be active families with teens and adult children whose prolonged support is eating up household resources
S00000186,Likely to be pre retirement couples with respectable incomes enjoying greater space and spare cash since children left home
S00000187,Likely to be single mature owners settled in traditional suburban semis working in intermediate occupations
S00000188,Likely to be affluent families with growing children living in upmarket housing in city environs
S00000189,Likely to be well qualified older singles with incomes from successful professional careers in good quality housing
S00000190,Likely to be busy couples in modern detached homes juggling the demands of school age children and careers
S00000191,Likely to be professional families with children in traditional mid range suburbs where neighbours are often older
S00000192,Likely to be forward thinking younger families who sought affordable homes in good suburbs which they may now be out growing
S00000193,"Likely to be settled families with children owning modest, 3 bed semis in areas where there's more house for less money"
S00000194,Likely to be pre family newcomers who have bought value homes with space to grow in affordable but pleasant areas
S00000195,Likely to be fashion conscious young singles and partners setting up home in developments attractive to their peers
S00000196,Likely to be occupants of brand new homes who are often younger singles or couples with children
S00000197,Likely to be bright young singles on starter salaries choosing to rent homes in family suburbs
S00000989,Likely to be stable families with children renting higher value homes from social landlords
S00000990,Likely to be families providing lodgings for adult children and gaining the benefit of pooled resources
S00000991,Likely to be busy families with children who own their low-cost homes and budget carefully
S00000992,Likely to be families with children in low value social houses making limited resources go a long way
S00000198,Likely to be yet to settle younger singles and couples making interim homes in low cost properties
S00000199,Likely to be young people endeavouring to gain employment footholds while renting cheap flats and terraces
S00000200,Likely to be maturing singles in employment who are renting short term affordable homes
S00000201,Likely to be transient renters of low cost accommodation often within subdivided older properties
S00000993,Likely to be long-term renters of inner city social flats who have witnessed many changes
S00000994,Likely to be households renting social flats in busy city suburbs where many nationalities live as neighbours
S00000995,Likely to be tenants of social flats located in high rise blocks often living alone
S00000996,Likely to be singles renting small social flats in town centres
S00000997,Likely to be older social renters settled in low value homes who are experienced at budgeting
S00000202,Likely to be ageing social renters with high levels of need in centrally located developments of small units
S00000203,Likely to be penny wise elderly singles renting in developments of compact social homes
S00000204,Likely to be supported elders in specialised accommodation including retirement homes and complexes of small homes
S00000205,Likely to be longstanding elderly renters of social homes who have seen neighbours change to a mix of owners and renters
S00000206,Likely to be deep rooted single elderly owners of low value properties whose modest home equity provides some security
S00000207,Likely to be ageing couples who have owned their inexpensive home for many years while working in routine jobs
S00000208,Likely to be lower income owners whose adult children are still striving to gain independence meaning space is limited
S00000209,Likely to be hard working mature singles who own budget terraces manageable within their modest wage
S00000210,Likely to be established older households owning city homes in diverse neighbourhoods
S00000211,Likely to be thriving families with good incomes in multi cultural urban communities
S00000998,Likely to be large families living in traditional terraces in neighbourhoods with a strong community identity
S00000212,Likely to be older residents owning small inner suburban properties with good access to amenities
S00000213,Likely to be motivated singles and couples in their 20s and 30s progressing in their field of work from commutable properties
S00000214,Likely to be entertainment seeking youngsters renting city centre flats in vibrant locations close to jobs and night life
S00000215,Likely to be self starting young renters ready to move to follow worthwhile incomes from service sector jobs
S00000216,Likely to be singles renting affordable private flats away from central amenities and often on main roads
S00000217,Likely to be inhabitants of the university fringe where students and older residents mix in cosmopolitan locations
S00000218,Likely to be students living in high density accommodation close to universities and educational centres
,
Experian Public © 2024 Experian. All rights reserved.,Version: 2.1 | June 2024
